building_category,building_code,heating_systems,year,heating_system_share
house,PRE_TEK49,DH,2023,0.021331511356583316
house,PRE_TEK49,DH - Bio,2023,0.007658006683126973
house,PRE_TEK49,Electric boiler,2023,0.02567759309318968
house,PRE_TEK49,Electric boiler - Solar,2023,0.0003008594060781024
house,PRE_TEK49,Electricity,2023,0.0521984906804366
house,PRE_TEK49,Electricity - Bio,2023,0.22473263766823653
house,PRE_TEK49,HP - Bio - Electricity,2023,0.5649908788840201
house,PRE_TEK49,HP - Electricity,2023,0.09929473189808152
house,PRE_TEK49,HP Central heating - Electric boiler,2023,0.0038152903302471042
house,TEK07,DH,2023,0.021331511356583316
house,TEK07,DH - Bio,2023,0.007658006683126973
house,TEK07,Electric boiler,2023,0.02567759309318968
house,TEK07,Electric boiler - Solar,2023,0.0003008594060781024
house,TEK07,Electricity,2023,0.0521984906804366
house,TEK07,Electricity - Bio,2023,0.22473263766823653
house,TEK07,HP - Bio - Electricity,2023,0.5649908788840201
house,TEK07,HP - Electricity,2023,0.09929473189808152
house,TEK07,HP Central heating - Electric boiler,2023,0.0038152903302471042
house,TEK10,DH,2023,0.021331511356583316
house,TEK10,DH - Bio,2023,0.007658006683126973
house,TEK10,Electric boiler,2023,0.02567759309318968
house,TEK10,Electric boiler - Solar,2023,0.0003008594060781024
house,TEK10,Electricity,2023,0.0521984906804366
house,TEK10,Electricity - Bio,2023,0.22473263766823653
house,TEK10,HP - Bio - Electricity,2023,0.5649908788840201
house,TEK10,HP - Electricity,2023,0.09929473189808152
house,TEK10,HP Central heating - Electric boiler,2023,0.0038152903302471042
house,TEK17,DH,2023,0.021331511356583316
house,TEK17,DH - Bio,2023,0.007658006683126973
house,TEK17,Electric boiler,2023,0.02567759309318968
house,TEK17,Electric boiler - Solar,2023,0.0003008594060781024
house,TEK17,Electricity,2023,0.0521984906804366
house,TEK17,Electricity - Bio,2023,0.22473263766823653
house,TEK17,HP - Bio - Electricity,2023,0.5649908788840201
house,TEK17,HP - Electricity,2023,0.09929473189808152
house,TEK49,DH,2023,0.021331511356583316
house,TEK49,DH - Bio,2023,0.007658006683126973
house,TEK49,Electric boiler,2023,0.02567759309318968
house,TEK49,Electric boiler - Solar,2023,0.0003008594060781024
house,TEK49,Electricity,2023,0.0521984906804366
house,TEK49,Electricity - Bio,2023,0.22473263766823653
house,TEK49,HP - Bio - Electricity,2023,0.5649908788840201
house,TEK49,HP - Electricity,2023,0.09929473189808152
house,TEK49,HP Central heating - Electric boiler,2023,0.0038152903302471042
house,TEK69,DH,2023,0.021331511356583316
house,TEK69,DH - Bio,2023,0.007658006683126973
house,TEK69,Electric boiler,2023,0.02567759309318968
house,TEK69,Electric boiler - Solar,2023,0.0003008594060781024
house,TEK69,Electricity,2023,0.0521984906804366
house,TEK69,Electricity - Bio,2023,0.22473263766823653
house,TEK69,HP - Bio - Electricity,2023,0.5649908788840201
house,TEK69,HP - Electricity,2023,0.09929473189808152
house,TEK69,HP Central heating - Electric boiler,2023,0.0038152903302471042
house,TEK87,DH,2023,0.021331511356583316
house,TEK87,DH - Bio,2023,0.007658006683126973
house,TEK87,Electric boiler,2023,0.02567759309318968
house,TEK87,Electric boiler - Solar,2023,0.0003008594060781024
house,TEK87,Electricity,2023,0.0521984906804366
house,TEK87,Electricity - Bio,2023,0.22473263766823653
house,TEK87,HP - Bio - Electricity,2023,0.5649908788840201
house,TEK87,HP - Electricity,2023,0.09929473189808152
house,TEK87,HP Central heating - Electric boiler,2023,0.0038152903302471042
house,TEK97,DH,2023,0.021331511356583316
house,TEK97,DH - Bio,2023,0.007658006683126973
house,TEK97,Electric boiler,2023,0.02567759309318968
house,TEK97,Electric boiler - Solar,2023,0.0003008594060781024
house,TEK97,Electricity,2023,0.0521984906804366
house,TEK97,Electricity - Bio,2023,0.22473263766823653
house,TEK97,HP - Bio - Electricity,2023,0.5649908788840201
house,TEK97,HP - Electricity,2023,0.09929473189808152
house,TEK97,HP Central heating - Electric boiler,2023,0.0038152903302471042
house,TEK17,HP Central heating - Electric boiler,2023,0.0038152903302471042
apartment_block,PRE_TEK49,DH,2023,0.20675904045112878
apartment_block,PRE_TEK49,DH - Bio,2023,0.003394660630861671
apartment_block,PRE_TEK49,Electric boiler,2023,0.05601702600578143
apartment_block,PRE_TEK49,Electric boiler - Solar,2023,0.00033906686802222935
apartment_block,PRE_TEK49,Electricity,2023,0.4560101624930742
apartment_block,PRE_TEK49,Electricity - Bio,2023,0.11280168181666272
apartment_block,PRE_TEK49,HP - Electricity,2023,0.007304631698217375
apartment_block,PRE_TEK49,HP Central heating - Bio,2023,0.008664794451257389
apartment_block,PRE_TEK49,HP Central heating - Electric boiler,2023,0.14870893558499423
apartment_block,TEK07,DH,2023,0.20675904045112878
apartment_block,TEK07,DH - Bio,2023,0.003394660630861671
apartment_block,TEK07,Electric boiler,2023,0.05601702600578143
apartment_block,TEK07,Electric boiler - Solar,2023,0.00033906686802222935
apartment_block,TEK07,Electricity,2023,0.4560101624930742
apartment_block,TEK07,Electricity - Bio,2023,0.11280168181666272
apartment_block,TEK07,HP - Electricity,2023,0.007304631698217375
apartment_block,TEK07,HP Central heating - Bio,2023,0.008664794451257389
apartment_block,TEK07,HP Central heating - Electric boiler,2023,0.14870893558499423
apartment_block,TEK10,DH,2023,0.20675904045112878
apartment_block,TEK10,DH - Bio,2023,0.003394660630861671
apartment_block,TEK10,Electric boiler,2023,0.05601702600578143
apartment_block,TEK10,Electric boiler - Solar,2023,0.00033906686802222935
apartment_block,TEK10,Electricity,2023,0.4560101624930742
apartment_block,TEK10,Electricity - Bio,2023,0.11280168181666272
apartment_block,TEK10,HP - Electricity,2023,0.007304631698217375
apartment_block,TEK10,HP Central heating - Bio,2023,0.008664794451257389
apartment_block,TEK10,HP Central heating - Electric boiler,2023,0.14870893558499423
apartment_block,TEK17,DH,2023,0.20675904045112878
apartment_block,TEK17,DH - Bio,2023,0.003394660630861671
apartment_block,TEK17,Electric boiler,2023,0.05601702600578143
apartment_block,TEK17,Electric boiler - Solar,2023,0.00033906686802222935
apartment_block,TEK17,Electricity,2023,0.4560101624930742
apartment_block,TEK17,Electricity - Bio,2023,0.11280168181666272
apartment_block,TEK17,HP - Electricity,2023,0.007304631698217375
apartment_block,TEK17,HP Central heating - Bio,2023,0.008664794451257389
apartment_block,TEK17,HP Central heating - Electric boiler,2023,0.14870893558499423
apartment_block,TEK49,DH,2023,0.20675904045112878
apartment_block,TEK49,DH - Bio,2023,0.003394660630861671
apartment_block,TEK49,Electric boiler,2023,0.05601702600578143
apartment_block,TEK49,Electric boiler - Solar,2023,0.00033906686802222935
apartment_block,TEK49,Electricity,2023,0.4560101624930742
apartment_block,TEK49,Electricity - Bio,2023,0.11280168181666272
apartment_block,TEK49,HP - Electricity,2023,0.007304631698217375
apartment_block,TEK49,HP Central heating - Bio,2023,0.008664794451257389
apartment_block,TEK49,HP Central heating - Electric boiler,2023,0.14870893558499423
apartment_block,TEK69,DH,2023,0.20675904045112878
apartment_block,TEK69,DH - Bio,2023,0.003394660630861671
apartment_block,TEK69,Electric boiler,2023,0.05601702600578143
apartment_block,TEK69,Electric boiler - Solar,2023,0.00033906686802222935
apartment_block,TEK69,Electricity,2023,0.4560101624930742
apartment_block,TEK69,Electricity - Bio,2023,0.11280168181666272
apartment_block,TEK69,HP - Electricity,2023,0.007304631698217375
apartment_block,TEK69,HP Central heating - Bio,2023,0.008664794451257389
apartment_block,TEK69,HP Central heating - Electric boiler,2023,0.14870893558499423
apartment_block,TEK87,DH,2023,0.20675904045112878
apartment_block,TEK87,DH - Bio,2023,0.003394660630861671
apartment_block,TEK87,Electric boiler,2023,0.05601702600578143
apartment_block,TEK87,Electric boiler - Solar,2023,0.00033906686802222935
apartment_block,TEK87,Electricity,2023,0.4560101624930742
apartment_block,TEK87,Electricity - Bio,2023,0.11280168181666272
apartment_block,TEK87,HP - Electricity,2023,0.007304631698217375
apartment_block,TEK87,HP Central heating - Bio,2023,0.008664794451257389
apartment_block,TEK87,HP Central heating - Electric boiler,2023,0.14870893558499423
apartment_block,TEK97,DH,2023,0.20675904045112878
apartment_block,TEK97,DH - Bio,2023,0.003394660630861671
apartment_block,TEK97,Electric boiler,2023,0.05601702600578143
apartment_block,TEK97,Electric boiler - Solar,2023,0.00033906686802222935
apartment_block,TEK97,Electricity,2023,0.4560101624930742
apartment_block,TEK97,Electricity - Bio,2023,0.11280168181666272
apartment_block,TEK97,HP - Electricity,2023,0.007304631698217375
apartment_block,TEK97,HP Central heating - Bio,2023,0.008664794451257389
apartment_block,TEK97,HP Central heating - Electric boiler,2023,0.14870893558499423
culture,PRE_TEK49,DH,2023,0.31824535737637644
culture,PRE_TEK49,DH - Bio,2023,0.000214225096904963
culture,PRE_TEK49,Electric boiler,2023,0.05968451370903524
culture,PRE_TEK49,Electric boiler - Solar,2023,0.0002493794096936836
culture,PRE_TEK49,Electricity,2023,0.07068188961882116
culture,PRE_TEK49,Electricity - Bio,2023,0.021674094557190902
culture,PRE_TEK49,Gas,2023,0.001656504475940886
culture,PRE_TEK49,HP - Electricity,2023,0.1632849356867121
culture,PRE_TEK49,HP Central heating - Bio,2023,0.00019362655741005704
culture,PRE_TEK49,HP Central heating - Electric boiler,2023,0.36404351190494705
culture,PRE_TEK49,HP Central heating - Gas,2023,7.196160696758601e-05
culture,TEK07,DH,2023,0.31824535737637644
culture,TEK07,DH - Bio,2023,0.000214225096904963
culture,TEK07,Electric boiler,2023,0.05968451370903524
culture,TEK07,Electric boiler - Solar,2023,0.0002493794096936836
culture,TEK07,Electricity,2023,0.07068188961882116
culture,TEK07,Electricity - Bio,2023,0.021674094557190902
culture,TEK07,Gas,2023,0.001656504475940886
culture,TEK07,HP - Electricity,2023,0.1632849356867121
culture,TEK07,HP Central heating - Bio,2023,0.00019362655741005704
culture,TEK07,HP Central heating - Electric boiler,2023,0.36404351190494705
culture,TEK07,HP Central heating - Gas,2023,7.196160696758601e-05
culture,TEK10,DH,2023,0.31824535737637644
culture,TEK10,DH - Bio,2023,0.000214225096904963
culture,TEK10,Electric boiler,2023,0.05968451370903524
culture,TEK10,Electric boiler - Solar,2023,0.0002493794096936836
culture,TEK10,Electricity,2023,0.07068188961882116
culture,TEK10,Electricity - Bio,2023,0.021674094557190902
culture,TEK10,Gas,2023,0.001656504475940886
culture,TEK10,HP - Electricity,2023,0.1632849356867121
culture,TEK10,HP Central heating - Bio,2023,0.00019362655741005704
culture,TEK10,HP Central heating - Electric boiler,2023,0.36404351190494705
culture,TEK10,HP Central heating - Gas,2023,7.196160696758601e-05
culture,TEK17,DH,2023,0.31824535737637644
culture,TEK17,DH - Bio,2023,0.000214225096904963
culture,TEK17,Electric boiler,2023,0.05968451370903524
culture,TEK17,Electric boiler - Solar,2023,0.0002493794096936836
culture,TEK17,Electricity,2023,0.07068188961882116
culture,TEK17,Electricity - Bio,2023,0.021674094557190902
culture,TEK17,Gas,2023,0.001656504475940886
culture,TEK17,HP - Electricity,2023,0.1632849356867121
culture,TEK17,HP Central heating - Bio,2023,0.00019362655741005704
culture,TEK17,HP Central heating - Electric boiler,2023,0.36404351190494705
culture,TEK17,HP Central heating - Gas,2023,7.196160696758601e-05
culture,TEK49,DH,2023,0.31824535737637644
culture,TEK49,DH - Bio,2023,0.000214225096904963
culture,TEK49,Electric boiler,2023,0.05968451370903524
culture,TEK49,Electric boiler - Solar,2023,0.0002493794096936836
culture,TEK49,Electricity,2023,0.07068188961882116
culture,TEK49,Electricity - Bio,2023,0.021674094557190902
culture,TEK49,Gas,2023,0.001656504475940886
culture,TEK49,HP - Electricity,2023,0.1632849356867121
culture,TEK49,HP Central heating - Bio,2023,0.00019362655741005704
culture,TEK49,HP Central heating - Electric boiler,2023,0.36404351190494705
culture,TEK49,HP Central heating - Gas,2023,7.196160696758601e-05
culture,TEK69,DH,2023,0.31824535737637644
culture,TEK69,DH - Bio,2023,0.000214225096904963
culture,TEK69,Electric boiler,2023,0.05968451370903524
culture,TEK69,Electric boiler - Solar,2023,0.0002493794096936836
culture,TEK69,Electricity,2023,0.07068188961882116
culture,TEK69,Electricity - Bio,2023,0.021674094557190902
culture,TEK69,Gas,2023,0.001656504475940886
culture,TEK69,HP - Electricity,2023,0.1632849356867121
culture,TEK69,HP Central heating - Bio,2023,0.00019362655741005704
culture,TEK69,HP Central heating - Electric boiler,2023,0.36404351190494705
culture,TEK69,HP Central heating - Gas,2023,7.196160696758601e-05
culture,TEK87,DH,2023,0.31824535737637644
culture,TEK87,DH - Bio,2023,0.000214225096904963
culture,TEK87,Electric boiler,2023,0.05968451370903524
culture,TEK87,Electric boiler - Solar,2023,0.0002493794096936836
culture,TEK87,Electricity,2023,0.07068188961882116
culture,TEK87,Electricity - Bio,2023,0.021674094557190902
culture,TEK87,Gas,2023,0.001656504475940886
culture,TEK87,HP - Electricity,2023,0.1632849356867121
culture,TEK87,HP Central heating - Bio,2023,0.00019362655741005704
culture,TEK87,HP Central heating - Electric boiler,2023,0.36404351190494705
culture,TEK87,HP Central heating - Gas,2023,7.196160696758601e-05
culture,TEK97,DH,2023,0.31824535737637644
culture,TEK97,DH - Bio,2023,0.000214225096904963
culture,TEK97,Electric boiler,2023,0.05968451370903524
culture,TEK97,Electric boiler - Solar,2023,0.0002493794096936836
culture,TEK97,Electricity,2023,0.07068188961882116
culture,TEK97,Electricity - Bio,2023,0.021674094557190902
culture,TEK97,Gas,2023,0.001656504475940886
culture,TEK97,HP - Electricity,2023,0.1632849356867121
culture,TEK97,HP Central heating - Bio,2023,0.00019362655741005704
culture,TEK97,HP Central heating - Electric boiler,2023,0.36404351190494705
culture,TEK97,HP Central heating - Gas,2023,7.196160696758601e-05
hospital,PRE_TEK49,DH,2023,0.31824535737637644
hospital,PRE_TEK49,DH - Bio,2023,0.000214225096904963
hospital,PRE_TEK49,Electric boiler,2023,0.05968451370903524
hospital,PRE_TEK49,Electric boiler - Solar,2023,0.0002493794096936836
hospital,PRE_TEK49,Electricity,2023,0.07068188961882116
hospital,PRE_TEK49,Electricity - Bio,2023,0.021674094557190902
hospital,PRE_TEK49,Gas,2023,0.001656504475940886
hospital,PRE_TEK49,HP - Electricity,2023,0.1632849356867121
hospital,PRE_TEK49,HP Central heating - Bio,2023,0.00019362655741005704
hospital,PRE_TEK49,HP Central heating - Electric boiler,2023,0.36404351190494705
hospital,PRE_TEK49,HP Central heating - Gas,2023,7.196160696758601e-05
hospital,TEK07,DH,2023,0.31824535737637644
hospital,TEK07,DH - Bio,2023,0.000214225096904963
hospital,TEK07,Electric boiler,2023,0.05968451370903524
hospital,TEK07,Electric boiler - Solar,2023,0.0002493794096936836
hospital,TEK07,Electricity,2023,0.07068188961882116
hospital,TEK07,Electricity - Bio,2023,0.021674094557190902
hospital,TEK07,Gas,2023,0.001656504475940886
hospital,TEK07,HP - Electricity,2023,0.1632849356867121
hospital,TEK07,HP Central heating - Bio,2023,0.00019362655741005704
hospital,TEK07,HP Central heating - Electric boiler,2023,0.36404351190494705
hospital,TEK07,HP Central heating - Gas,2023,7.196160696758601e-05
hospital,TEK10,DH,2023,0.31824535737637644
hospital,TEK10,DH - Bio,2023,0.000214225096904963
hospital,TEK10,Electric boiler,2023,0.05968451370903524
hospital,TEK10,Electric boiler - Solar,2023,0.0002493794096936836
hospital,TEK10,Electricity,2023,0.07068188961882116
hospital,TEK10,Electricity - Bio,2023,0.021674094557190902
hospital,TEK10,Gas,2023,0.001656504475940886
hospital,TEK10,HP - Electricity,2023,0.1632849356867121
hospital,TEK10,HP Central heating - Bio,2023,0.00019362655741005704
hospital,TEK10,HP Central heating - Electric boiler,2023,0.36404351190494705
hospital,TEK10,HP Central heating - Gas,2023,7.196160696758601e-05
hospital,TEK17,DH,2023,0.31824535737637644
hospital,TEK17,DH - Bio,2023,0.000214225096904963
hospital,TEK17,Electric boiler,2023,0.05968451370903524
hospital,TEK17,Electric boiler - Solar,2023,0.0002493794096936836
hospital,TEK17,Electricity,2023,0.07068188961882116
hospital,TEK17,Electricity - Bio,2023,0.021674094557190902
hospital,TEK17,Gas,2023,0.001656504475940886
hospital,TEK17,HP - Electricity,2023,0.1632849356867121
hospital,TEK17,HP Central heating - Bio,2023,0.00019362655741005704
hospital,TEK17,HP Central heating - Electric boiler,2023,0.36404351190494705
hospital,TEK17,HP Central heating - Gas,2023,7.196160696758601e-05
hospital,TEK49,DH,2023,0.31824535737637644
hospital,TEK49,DH - Bio,2023,0.000214225096904963
hospital,TEK49,Electric boiler,2023,0.05968451370903524
hospital,TEK49,Electric boiler - Solar,2023,0.0002493794096936836
hospital,TEK49,Electricity,2023,0.07068188961882116
hospital,TEK49,Electricity - Bio,2023,0.021674094557190902
hospital,TEK49,Gas,2023,0.001656504475940886
hospital,TEK49,HP - Electricity,2023,0.1632849356867121
hospital,TEK49,HP Central heating - Bio,2023,0.00019362655741005704
hospital,TEK49,HP Central heating - Electric boiler,2023,0.36404351190494705
hospital,TEK49,HP Central heating - Gas,2023,7.196160696758601e-05
hospital,TEK69,DH,2023,0.31824535737637644
hospital,TEK69,DH - Bio,2023,0.000214225096904963
hospital,TEK69,Electric boiler,2023,0.05968451370903524
hospital,TEK69,Electric boiler - Solar,2023,0.0002493794096936836
hospital,TEK69,Electricity,2023,0.07068188961882116
hospital,TEK69,Electricity - Bio,2023,0.021674094557190902
hospital,TEK69,Gas,2023,0.001656504475940886
hospital,TEK69,HP - Electricity,2023,0.1632849356867121
hospital,TEK69,HP Central heating - Bio,2023,0.00019362655741005704
hospital,TEK69,HP Central heating - Electric boiler,2023,0.36404351190494705
hospital,TEK69,HP Central heating - Gas,2023,7.196160696758601e-05
hospital,TEK87,DH,2023,0.31824535737637644
hospital,TEK87,DH - Bio,2023,0.000214225096904963
hospital,TEK87,Electric boiler,2023,0.05968451370903524
hospital,TEK87,Electric boiler - Solar,2023,0.0002493794096936836
hospital,TEK87,Electricity,2023,0.07068188961882116
hospital,TEK87,Electricity - Bio,2023,0.021674094557190902
hospital,TEK87,Gas,2023,0.001656504475940886
hospital,TEK87,HP - Electricity,2023,0.1632849356867121
hospital,TEK87,HP Central heating - Bio,2023,0.00019362655741005704
hospital,TEK87,HP Central heating - Electric boiler,2023,0.36404351190494705
hospital,TEK87,HP Central heating - Gas,2023,7.196160696758601e-05
hospital,TEK97,DH,2023,0.31824535737637644
hospital,TEK97,DH - Bio,2023,0.000214225096904963
hospital,TEK97,Electric boiler,2023,0.05968451370903524
hospital,TEK97,Electric boiler - Solar,2023,0.0002493794096936836
hospital,TEK97,Electricity,2023,0.07068188961882116
hospital,TEK97,Electricity - Bio,2023,0.021674094557190902
hospital,TEK97,Gas,2023,0.001656504475940886
hospital,TEK97,HP - Electricity,2023,0.1632849356867121
hospital,TEK97,HP Central heating - Bio,2023,0.00019362655741005704
hospital,TEK97,HP Central heating - Electric boiler,2023,0.36404351190494705
hospital,TEK97,HP Central heating - Gas,2023,7.196160696758601e-05
hotel,PRE_TEK49,DH,2023,0.31824535737637644
hotel,PRE_TEK49,DH - Bio,2023,0.000214225096904963
hotel,PRE_TEK49,Electric boiler,2023,0.05968451370903524
hotel,PRE_TEK49,Electric boiler - Solar,2023,0.0002493794096936836
hotel,PRE_TEK49,Electricity,2023,0.07068188961882116
hotel,PRE_TEK49,Electricity - Bio,2023,0.021674094557190902
hotel,PRE_TEK49,Gas,2023,0.001656504475940886
hotel,PRE_TEK49,HP - Electricity,2023,0.1632849356867121
hotel,PRE_TEK49,HP Central heating - Bio,2023,0.00019362655741005704
hotel,PRE_TEK49,HP Central heating - Electric boiler,2023,0.36404351190494705
hotel,PRE_TEK49,HP Central heating - Gas,2023,7.196160696758601e-05
hotel,TEK07,DH,2023,0.31824535737637644
hotel,TEK07,DH - Bio,2023,0.000214225096904963
hotel,TEK07,Electric boiler,2023,0.05968451370903524
hotel,TEK07,Electric boiler - Solar,2023,0.0002493794096936836
hotel,TEK07,Electricity,2023,0.07068188961882116
hotel,TEK07,Electricity - Bio,2023,0.021674094557190902
hotel,TEK07,Gas,2023,0.001656504475940886
hotel,TEK07,HP - Electricity,2023,0.1632849356867121
hotel,TEK07,HP Central heating - Bio,2023,0.00019362655741005704
hotel,TEK07,HP Central heating - Electric boiler,2023,0.36404351190494705
hotel,TEK07,HP Central heating - Gas,2023,7.196160696758601e-05
hotel,TEK10,DH,2023,0.31824535737637644
hotel,TEK10,DH - Bio,2023,0.000214225096904963
hotel,TEK10,Electric boiler,2023,0.05968451370903524
hotel,TEK10,Electric boiler - Solar,2023,0.0002493794096936836
hotel,TEK10,Electricity,2023,0.07068188961882116
hotel,TEK10,Electricity - Bio,2023,0.021674094557190902
hotel,TEK10,Gas,2023,0.001656504475940886
hotel,TEK10,HP - Electricity,2023,0.1632849356867121
hotel,TEK10,HP Central heating - Bio,2023,0.00019362655741005704
hotel,TEK10,HP Central heating - Electric boiler,2023,0.36404351190494705
hotel,TEK10,HP Central heating - Gas,2023,7.196160696758601e-05
hotel,TEK17,DH,2023,0.31824535737637644
hotel,TEK17,DH - Bio,2023,0.000214225096904963
hotel,TEK17,Electric boiler,2023,0.05968451370903524
hotel,TEK17,Electric boiler - Solar,2023,0.0002493794096936836
hotel,TEK17,Electricity,2023,0.07068188961882116
hotel,TEK17,Electricity - Bio,2023,0.021674094557190902
hotel,TEK17,Gas,2023,0.001656504475940886
hotel,TEK17,HP - Electricity,2023,0.1632849356867121
hotel,TEK17,HP Central heating - Bio,2023,0.00019362655741005704
hotel,TEK17,HP Central heating - Electric boiler,2023,0.36404351190494705
hotel,TEK17,HP Central heating - Gas,2023,7.196160696758601e-05
hotel,TEK49,DH,2023,0.31824535737637644
hotel,TEK49,DH - Bio,2023,0.000214225096904963
hotel,TEK49,Electric boiler,2023,0.05968451370903524
hotel,TEK49,Electric boiler - Solar,2023,0.0002493794096936836
hotel,TEK49,Electricity,2023,0.07068188961882116
hotel,TEK49,Electricity - Bio,2023,0.021674094557190902
hotel,TEK49,Gas,2023,0.001656504475940886
hotel,TEK49,HP - Electricity,2023,0.1632849356867121
hotel,TEK49,HP Central heating - Bio,2023,0.00019362655741005704
hotel,TEK49,HP Central heating - Electric boiler,2023,0.36404351190494705
hotel,TEK49,HP Central heating - Gas,2023,7.196160696758601e-05
hotel,TEK69,DH,2023,0.31824535737637644
hotel,TEK69,DH - Bio,2023,0.000214225096904963
hotel,TEK69,Electric boiler,2023,0.05968451370903524
hotel,TEK69,Electric boiler - Solar,2023,0.0002493794096936836
hotel,TEK69,Electricity,2023,0.07068188961882116
hotel,TEK69,Electricity - Bio,2023,0.021674094557190902
hotel,TEK69,Gas,2023,0.001656504475940886
hotel,TEK69,HP - Electricity,2023,0.1632849356867121
hotel,TEK69,HP Central heating - Bio,2023,0.00019362655741005704
hotel,TEK69,HP Central heating - Electric boiler,2023,0.36404351190494705
hotel,TEK69,HP Central heating - Gas,2023,7.196160696758601e-05
hotel,TEK87,DH,2023,0.31824535737637644
hotel,TEK87,DH - Bio,2023,0.000214225096904963
hotel,TEK87,Electric boiler,2023,0.05968451370903524
hotel,TEK87,Electric boiler - Solar,2023,0.0002493794096936836
hotel,TEK87,Electricity,2023,0.07068188961882116
hotel,TEK87,Electricity - Bio,2023,0.021674094557190902
hotel,TEK87,Gas,2023,0.001656504475940886
hotel,TEK87,HP - Electricity,2023,0.1632849356867121
hotel,TEK87,HP Central heating - Bio,2023,0.00019362655741005704
hotel,TEK87,HP Central heating - Electric boiler,2023,0.36404351190494705
hotel,TEK87,HP Central heating - Gas,2023,7.196160696758601e-05
hotel,TEK97,DH,2023,0.31824535737637644
hotel,TEK97,DH - Bio,2023,0.000214225096904963
hotel,TEK97,Electric boiler,2023,0.05968451370903524
hotel,TEK97,Electric boiler - Solar,2023,0.0002493794096936836
hotel,TEK97,Electricity,2023,0.07068188961882116
hotel,TEK97,Electricity - Bio,2023,0.021674094557190902
hotel,TEK97,Gas,2023,0.001656504475940886
hotel,TEK97,HP - Electricity,2023,0.1632849356867121
hotel,TEK97,HP Central heating - Bio,2023,0.00019362655741005704
hotel,TEK97,HP Central heating - Electric boiler,2023,0.36404351190494705
hotel,TEK97,HP Central heating - Gas,2023,7.196160696758601e-05
kindergarten,PRE_TEK49,DH,2023,0.31824535737637644
kindergarten,PRE_TEK49,DH - Bio,2023,0.000214225096904963
kindergarten,PRE_TEK49,Electric boiler,2023,0.05968451370903524
kindergarten,PRE_TEK49,Electric boiler - Solar,2023,0.0002493794096936836
kindergarten,PRE_TEK49,Electricity,2023,0.07068188961882116
kindergarten,PRE_TEK49,Electricity - Bio,2023,0.021674094557190902
kindergarten,PRE_TEK49,Gas,2023,0.001656504475940886
kindergarten,PRE_TEK49,HP - Electricity,2023,0.1632849356867121
kindergarten,PRE_TEK49,HP Central heating - Bio,2023,0.00019362655741005704
kindergarten,PRE_TEK49,HP Central heating - Electric boiler,2023,0.36404351190494705
kindergarten,PRE_TEK49,HP Central heating - Gas,2023,7.196160696758601e-05
kindergarten,TEK07,DH,2023,0.31824535737637644
kindergarten,TEK07,DH - Bio,2023,0.000214225096904963
kindergarten,TEK07,Electric boiler,2023,0.05968451370903524
kindergarten,TEK07,Electric boiler - Solar,2023,0.0002493794096936836
kindergarten,TEK07,Electricity,2023,0.07068188961882116
kindergarten,TEK07,Electricity - Bio,2023,0.021674094557190902
kindergarten,TEK07,Gas,2023,0.001656504475940886
kindergarten,TEK07,HP - Electricity,2023,0.1632849356867121
kindergarten,TEK07,HP Central heating - Bio,2023,0.00019362655741005704
kindergarten,TEK07,HP Central heating - Electric boiler,2023,0.36404351190494705
kindergarten,TEK07,HP Central heating - Gas,2023,7.196160696758601e-05
kindergarten,TEK10,DH,2023,0.31824535737637644
kindergarten,TEK10,DH - Bio,2023,0.000214225096904963
kindergarten,TEK10,Electric boiler,2023,0.05968451370903524
kindergarten,TEK10,Electric boiler - Solar,2023,0.0002493794096936836
kindergarten,TEK10,Electricity,2023,0.07068188961882116
kindergarten,TEK10,Electricity - Bio,2023,0.021674094557190902
kindergarten,TEK10,Gas,2023,0.001656504475940886
kindergarten,TEK10,HP - Electricity,2023,0.1632849356867121
kindergarten,TEK10,HP Central heating - Bio,2023,0.00019362655741005704
kindergarten,TEK10,HP Central heating - Electric boiler,2023,0.36404351190494705
kindergarten,TEK10,HP Central heating - Gas,2023,7.196160696758601e-05
kindergarten,TEK17,DH,2023,0.31824535737637644
kindergarten,TEK17,DH - Bio,2023,0.000214225096904963
kindergarten,TEK17,Electric boiler,2023,0.05968451370903524
kindergarten,TEK17,Electric boiler - Solar,2023,0.0002493794096936836
kindergarten,TEK17,Electricity,2023,0.07068188961882116
kindergarten,TEK17,Electricity - Bio,2023,0.021674094557190902
kindergarten,TEK17,Gas,2023,0.001656504475940886
kindergarten,TEK17,HP - Electricity,2023,0.1632849356867121
kindergarten,TEK17,HP Central heating - Bio,2023,0.00019362655741005704
kindergarten,TEK17,HP Central heating - Electric boiler,2023,0.36404351190494705
kindergarten,TEK17,HP Central heating - Gas,2023,7.196160696758601e-05
kindergarten,TEK49,DH,2023,0.31824535737637644
kindergarten,TEK49,DH - Bio,2023,0.000214225096904963
kindergarten,TEK49,Electric boiler,2023,0.05968451370903524
kindergarten,TEK49,Electric boiler - Solar,2023,0.0002493794096936836
kindergarten,TEK49,Electricity,2023,0.07068188961882116
kindergarten,TEK49,Electricity - Bio,2023,0.021674094557190902
kindergarten,TEK49,Gas,2023,0.001656504475940886
kindergarten,TEK49,HP - Electricity,2023,0.1632849356867121
kindergarten,TEK49,HP Central heating - Bio,2023,0.00019362655741005704
kindergarten,TEK49,HP Central heating - Electric boiler,2023,0.36404351190494705
kindergarten,TEK49,HP Central heating - Gas,2023,7.196160696758601e-05
kindergarten,TEK69,DH,2023,0.31824535737637644
kindergarten,TEK69,DH - Bio,2023,0.000214225096904963
kindergarten,TEK69,Electric boiler,2023,0.05968451370903524
kindergarten,TEK69,Electric boiler - Solar,2023,0.0002493794096936836
kindergarten,TEK69,Electricity,2023,0.07068188961882116
kindergarten,TEK69,Electricity - Bio,2023,0.021674094557190902
kindergarten,TEK69,Gas,2023,0.001656504475940886
kindergarten,TEK69,HP - Electricity,2023,0.1632849356867121
kindergarten,TEK69,HP Central heating - Bio,2023,0.00019362655741005704
kindergarten,TEK69,HP Central heating - Electric boiler,2023,0.36404351190494705
kindergarten,TEK69,HP Central heating - Gas,2023,7.196160696758601e-05
kindergarten,TEK87,DH,2023,0.31824535737637644
kindergarten,TEK87,DH - Bio,2023,0.000214225096904963
kindergarten,TEK87,Electric boiler,2023,0.05968451370903524
kindergarten,TEK87,Electric boiler - Solar,2023,0.0002493794096936836
kindergarten,TEK87,Electricity,2023,0.07068188961882116
kindergarten,TEK87,Electricity - Bio,2023,0.021674094557190902
kindergarten,TEK87,Gas,2023,0.001656504475940886
kindergarten,TEK87,HP - Electricity,2023,0.1632849356867121
kindergarten,TEK87,HP Central heating - Bio,2023,0.00019362655741005704
kindergarten,TEK87,HP Central heating - Electric boiler,2023,0.36404351190494705
kindergarten,TEK87,HP Central heating - Gas,2023,7.196160696758601e-05
kindergarten,TEK97,DH,2023,0.31824535737637644
kindergarten,TEK97,DH - Bio,2023,0.000214225096904963
kindergarten,TEK97,Electric boiler,2023,0.05968451370903524
kindergarten,TEK97,Electric boiler - Solar,2023,0.0002493794096936836
kindergarten,TEK97,Electricity,2023,0.07068188961882116
kindergarten,TEK97,Electricity - Bio,2023,0.021674094557190902
kindergarten,TEK97,Gas,2023,0.001656504475940886
kindergarten,TEK97,HP - Electricity,2023,0.1632849356867121
kindergarten,TEK97,HP Central heating - Bio,2023,0.00019362655741005704
kindergarten,TEK97,HP Central heating - Electric boiler,2023,0.36404351190494705
kindergarten,TEK97,HP Central heating - Gas,2023,7.196160696758601e-05
nursing_home,PRE_TEK49,DH,2023,0.31824535737637644
nursing_home,PRE_TEK49,DH - Bio,2023,0.000214225096904963
nursing_home,PRE_TEK49,Electric boiler,2023,0.05968451370903524
nursing_home,PRE_TEK49,Electric boiler - Solar,2023,0.0002493794096936836
nursing_home,PRE_TEK49,Electricity,2023,0.07068188961882116
nursing_home,PRE_TEK49,Electricity - Bio,2023,0.021674094557190902
nursing_home,PRE_TEK49,Gas,2023,0.001656504475940886
nursing_home,PRE_TEK49,HP - Electricity,2023,0.1632849356867121
nursing_home,PRE_TEK49,HP Central heating - Bio,2023,0.00019362655741005704
nursing_home,PRE_TEK49,HP Central heating - Electric boiler,2023,0.36404351190494705
nursing_home,PRE_TEK49,HP Central heating - Gas,2023,7.196160696758601e-05
nursing_home,TEK07,DH,2023,0.31824535737637644
nursing_home,TEK07,DH - Bio,2023,0.000214225096904963
nursing_home,TEK07,Electric boiler,2023,0.05968451370903524
nursing_home,TEK07,Electric boiler - Solar,2023,0.0002493794096936836
nursing_home,TEK07,Electricity,2023,0.07068188961882116
nursing_home,TEK07,Electricity - Bio,2023,0.021674094557190902
nursing_home,TEK07,Gas,2023,0.001656504475940886
nursing_home,TEK07,HP - Electricity,2023,0.1632849356867121
nursing_home,TEK07,HP Central heating - Bio,2023,0.00019362655741005704
nursing_home,TEK07,HP Central heating - Electric boiler,2023,0.36404351190494705
nursing_home,TEK07,HP Central heating - Gas,2023,7.196160696758601e-05
nursing_home,TEK10,DH,2023,0.31824535737637644
nursing_home,TEK10,DH - Bio,2023,0.000214225096904963
nursing_home,TEK10,Electric boiler,2023,0.05968451370903524
nursing_home,TEK10,Electric boiler - Solar,2023,0.0002493794096936836
nursing_home,TEK10,Electricity,2023,0.07068188961882116
nursing_home,TEK10,Electricity - Bio,2023,0.021674094557190902
nursing_home,TEK10,Gas,2023,0.001656504475940886
nursing_home,TEK10,HP - Electricity,2023,0.1632849356867121
nursing_home,TEK10,HP Central heating - Bio,2023,0.00019362655741005704
nursing_home,TEK10,HP Central heating - Electric boiler,2023,0.36404351190494705
nursing_home,TEK10,HP Central heating - Gas,2023,7.196160696758601e-05
nursing_home,TEK17,DH,2023,0.31824535737637644
nursing_home,TEK17,DH - Bio,2023,0.000214225096904963
nursing_home,TEK17,Electric boiler,2023,0.05968451370903524
nursing_home,TEK17,Electric boiler - Solar,2023,0.0002493794096936836
nursing_home,TEK17,Electricity,2023,0.07068188961882116
nursing_home,TEK17,Electricity - Bio,2023,0.021674094557190902
nursing_home,TEK17,Gas,2023,0.001656504475940886
nursing_home,TEK17,HP - Electricity,2023,0.1632849356867121
nursing_home,TEK17,HP Central heating - Bio,2023,0.00019362655741005704
nursing_home,TEK17,HP Central heating - Electric boiler,2023,0.36404351190494705
nursing_home,TEK17,HP Central heating - Gas,2023,7.196160696758601e-05
nursing_home,TEK49,DH,2023,0.31824535737637644
nursing_home,TEK49,DH - Bio,2023,0.000214225096904963
nursing_home,TEK49,Electric boiler,2023,0.05968451370903524
nursing_home,TEK49,Electric boiler - Solar,2023,0.0002493794096936836
nursing_home,TEK49,Electricity,2023,0.07068188961882116
nursing_home,TEK49,Electricity - Bio,2023,0.021674094557190902
nursing_home,TEK49,Gas,2023,0.001656504475940886
nursing_home,TEK49,HP - Electricity,2023,0.1632849356867121
nursing_home,TEK49,HP Central heating - Bio,2023,0.00019362655741005704
nursing_home,TEK49,HP Central heating - Electric boiler,2023,0.36404351190494705
nursing_home,TEK49,HP Central heating - Gas,2023,7.196160696758601e-05
nursing_home,TEK69,DH,2023,0.31824535737637644
nursing_home,TEK69,DH - Bio,2023,0.000214225096904963
nursing_home,TEK69,Electric boiler,2023,0.05968451370903524
nursing_home,TEK69,Electric boiler - Solar,2023,0.0002493794096936836
nursing_home,TEK69,Electricity,2023,0.07068188961882116
nursing_home,TEK69,Electricity - Bio,2023,0.021674094557190902
nursing_home,TEK69,Gas,2023,0.001656504475940886
nursing_home,TEK69,HP - Electricity,2023,0.1632849356867121
nursing_home,TEK69,HP Central heating - Bio,2023,0.00019362655741005704
nursing_home,TEK69,HP Central heating - Electric boiler,2023,0.36404351190494705
nursing_home,TEK69,HP Central heating - Gas,2023,7.196160696758601e-05
nursing_home,TEK87,DH,2023,0.31824535737637644
nursing_home,TEK87,DH - Bio,2023,0.000214225096904963
nursing_home,TEK87,Electric boiler,2023,0.05968451370903524
nursing_home,TEK87,Electric boiler - Solar,2023,0.0002493794096936836
nursing_home,TEK87,Electricity,2023,0.07068188961882116
nursing_home,TEK87,Electricity - Bio,2023,0.021674094557190902
nursing_home,TEK87,Gas,2023,0.001656504475940886
nursing_home,TEK87,HP - Electricity,2023,0.1632849356867121
nursing_home,TEK87,HP Central heating - Bio,2023,0.00019362655741005704
nursing_home,TEK87,HP Central heating - Electric boiler,2023,0.36404351190494705
nursing_home,TEK87,HP Central heating - Gas,2023,7.196160696758601e-05
nursing_home,TEK97,DH,2023,0.31824535737637644
nursing_home,TEK97,DH - Bio,2023,0.000214225096904963
nursing_home,TEK97,Electric boiler,2023,0.05968451370903524
nursing_home,TEK97,Electric boiler - Solar,2023,0.0002493794096936836
nursing_home,TEK97,Electricity,2023,0.07068188961882116
nursing_home,TEK97,Electricity - Bio,2023,0.021674094557190902
nursing_home,TEK97,Gas,2023,0.001656504475940886
nursing_home,TEK97,HP - Electricity,2023,0.1632849356867121
nursing_home,TEK97,HP Central heating - Bio,2023,0.00019362655741005704
nursing_home,TEK97,HP Central heating - Electric boiler,2023,0.36404351190494705
nursing_home,TEK97,HP Central heating - Gas,2023,7.196160696758601e-05
office,PRE_TEK49,DH,2023,0.31824535737637644
office,PRE_TEK49,DH - Bio,2023,0.000214225096904963
office,PRE_TEK49,Electric boiler,2023,0.05968451370903524
office,PRE_TEK49,Electric boiler - Solar,2023,0.0002493794096936836
office,PRE_TEK49,Electricity,2023,0.07068188961882116
office,PRE_TEK49,Electricity - Bio,2023,0.021674094557190902
office,PRE_TEK49,Gas,2023,0.001656504475940886
office,PRE_TEK49,HP - Electricity,2023,0.1632849356867121
office,PRE_TEK49,HP Central heating - Bio,2023,0.00019362655741005704
office,PRE_TEK49,HP Central heating - Electric boiler,2023,0.36404351190494705
office,PRE_TEK49,HP Central heating - Gas,2023,7.196160696758601e-05
office,TEK07,DH,2023,0.31824535737637644
office,TEK07,DH - Bio,2023,0.000214225096904963
office,TEK07,Electric boiler,2023,0.05968451370903524
office,TEK07,Electric boiler - Solar,2023,0.0002493794096936836
office,TEK07,Electricity,2023,0.07068188961882116
office,TEK07,Electricity - Bio,2023,0.021674094557190902
office,TEK07,Gas,2023,0.001656504475940886
office,TEK07,HP - Electricity,2023,0.1632849356867121
office,TEK07,HP Central heating - Bio,2023,0.00019362655741005704
office,TEK07,HP Central heating - Electric boiler,2023,0.36404351190494705
office,TEK07,HP Central heating - Gas,2023,7.196160696758601e-05
office,TEK10,DH,2023,0.31824535737637644
office,TEK10,DH - Bio,2023,0.000214225096904963
office,TEK10,Electric boiler,2023,0.05968451370903524
office,TEK10,Electric boiler - Solar,2023,0.0002493794096936836
office,TEK10,Electricity,2023,0.07068188961882116
office,TEK10,Electricity - Bio,2023,0.021674094557190902
office,TEK10,Gas,2023,0.001656504475940886
office,TEK10,HP - Electricity,2023,0.1632849356867121
office,TEK10,HP Central heating - Bio,2023,0.00019362655741005704
office,TEK10,HP Central heating - Electric boiler,2023,0.36404351190494705
office,TEK10,HP Central heating - Gas,2023,7.196160696758601e-05
office,TEK17,DH,2023,0.31824535737637644
office,TEK17,DH - Bio,2023,0.000214225096904963
office,TEK17,Electric boiler,2023,0.05968451370903524
office,TEK17,Electric boiler - Solar,2023,0.0002493794096936836
office,TEK17,Electricity,2023,0.07068188961882116
office,TEK17,Electricity - Bio,2023,0.021674094557190902
office,TEK17,Gas,2023,0.001656504475940886
office,TEK17,HP - Electricity,2023,0.1632849356867121
office,TEK17,HP Central heating - Bio,2023,0.00019362655741005704
office,TEK17,HP Central heating - Electric boiler,2023,0.36404351190494705
office,TEK17,HP Central heating - Gas,2023,7.196160696758601e-05
office,TEK49,DH,2023,0.31824535737637644
office,TEK49,DH - Bio,2023,0.000214225096904963
office,TEK49,Electric boiler,2023,0.05968451370903524
office,TEK49,Electric boiler - Solar,2023,0.0002493794096936836
office,TEK49,Electricity,2023,0.07068188961882116
office,TEK49,Electricity - Bio,2023,0.021674094557190902
office,TEK49,Gas,2023,0.001656504475940886
office,TEK49,HP - Electricity,2023,0.1632849356867121
office,TEK49,HP Central heating - Bio,2023,0.00019362655741005704
office,TEK49,HP Central heating - Electric boiler,2023,0.36404351190494705
office,TEK49,HP Central heating - Gas,2023,7.196160696758601e-05
office,TEK69,DH,2023,0.31824535737637644
office,TEK69,DH - Bio,2023,0.000214225096904963
office,TEK69,Electric boiler,2023,0.05968451370903524
office,TEK69,Electric boiler - Solar,2023,0.0002493794096936836
office,TEK69,Electricity,2023,0.07068188961882116
office,TEK69,Electricity - Bio,2023,0.021674094557190902
office,TEK69,Gas,2023,0.001656504475940886
office,TEK69,HP - Electricity,2023,0.1632849356867121
office,TEK69,HP Central heating - Bio,2023,0.00019362655741005704
office,TEK69,HP Central heating - Electric boiler,2023,0.36404351190494705
office,TEK69,HP Central heating - Gas,2023,7.196160696758601e-05
office,TEK87,DH,2023,0.31824535737637644
office,TEK87,DH - Bio,2023,0.000214225096904963
office,TEK87,Electric boiler,2023,0.05968451370903524
office,TEK87,Electric boiler - Solar,2023,0.0002493794096936836
office,TEK87,Electricity,2023,0.07068188961882116
office,TEK87,Electricity - Bio,2023,0.021674094557190902
office,TEK87,Gas,2023,0.001656504475940886
office,TEK87,HP - Electricity,2023,0.1632849356867121
office,TEK87,HP Central heating - Bio,2023,0.00019362655741005704
office,TEK87,HP Central heating - Electric boiler,2023,0.36404351190494705
office,TEK87,HP Central heating - Gas,2023,7.196160696758601e-05
office,TEK97,DH,2023,0.31824535737637644
office,TEK97,DH - Bio,2023,0.000214225096904963
office,TEK97,Electric boiler,2023,0.05968451370903524
office,TEK97,Electric boiler - Solar,2023,0.0002493794096936836
office,TEK97,Electricity,2023,0.07068188961882116
office,TEK97,Electricity - Bio,2023,0.021674094557190902
office,TEK97,Gas,2023,0.001656504475940886
office,TEK97,HP - Electricity,2023,0.1632849356867121
office,TEK97,HP Central heating - Bio,2023,0.00019362655741005704
office,TEK97,HP Central heating - Electric boiler,2023,0.36404351190494705
office,TEK97,HP Central heating - Gas,2023,7.196160696758601e-05
retail,PRE_TEK49,DH,2023,0.31824535737637644
retail,PRE_TEK49,DH - Bio,2023,0.000214225096904963
retail,PRE_TEK49,Electric boiler,2023,0.05968451370903524
retail,PRE_TEK49,Electric boiler - Solar,2023,0.0002493794096936836
retail,PRE_TEK49,Electricity,2023,0.07068188961882116
retail,PRE_TEK49,Electricity - Bio,2023,0.021674094557190902
retail,PRE_TEK49,Gas,2023,0.001656504475940886
retail,PRE_TEK49,HP - Electricity,2023,0.1632849356867121
retail,PRE_TEK49,HP Central heating - Bio,2023,0.00019362655741005704
retail,PRE_TEK49,HP Central heating - Electric boiler,2023,0.36404351190494705
retail,PRE_TEK49,HP Central heating - Gas,2023,7.196160696758601e-05
retail,TEK07,DH,2023,0.31824535737637644
retail,TEK07,DH - Bio,2023,0.000214225096904963
retail,TEK07,Electric boiler,2023,0.05968451370903524
retail,TEK07,Electric boiler - Solar,2023,0.0002493794096936836
retail,TEK07,Electricity,2023,0.07068188961882116
retail,TEK07,Electricity - Bio,2023,0.021674094557190902
retail,TEK07,Gas,2023,0.001656504475940886
retail,TEK07,HP - Electricity,2023,0.1632849356867121
retail,TEK07,HP Central heating - Bio,2023,0.00019362655741005704
retail,TEK07,HP Central heating - Electric boiler,2023,0.36404351190494705
retail,TEK07,HP Central heating - Gas,2023,7.196160696758601e-05
retail,TEK10,DH,2023,0.31824535737637644
retail,TEK10,DH - Bio,2023,0.000214225096904963
retail,TEK10,Electric boiler,2023,0.05968451370903524
retail,TEK10,Electric boiler - Solar,2023,0.0002493794096936836
retail,TEK10,Electricity,2023,0.07068188961882116
retail,TEK10,Electricity - Bio,2023,0.021674094557190902
retail,TEK10,Gas,2023,0.001656504475940886
retail,TEK10,HP - Electricity,2023,0.1632849356867121
retail,TEK10,HP Central heating - Bio,2023,0.00019362655741005704
retail,TEK10,HP Central heating - Electric boiler,2023,0.36404351190494705
retail,TEK10,HP Central heating - Gas,2023,7.196160696758601e-05
retail,TEK17,DH,2023,0.31824535737637644
retail,TEK17,DH - Bio,2023,0.000214225096904963
retail,TEK17,Electric boiler,2023,0.05968451370903524
retail,TEK17,Electric boiler - Solar,2023,0.0002493794096936836
retail,TEK17,Electricity,2023,0.07068188961882116
retail,TEK17,Electricity - Bio,2023,0.021674094557190902
retail,TEK17,Gas,2023,0.001656504475940886
retail,TEK17,HP - Electricity,2023,0.1632849356867121
retail,TEK17,HP Central heating - Bio,2023,0.00019362655741005704
retail,TEK17,HP Central heating - Electric boiler,2023,0.36404351190494705
retail,TEK17,HP Central heating - Gas,2023,7.196160696758601e-05
retail,TEK49,DH,2023,0.31824535737637644
retail,TEK49,DH - Bio,2023,0.000214225096904963
retail,TEK49,Electric boiler,2023,0.05968451370903524
retail,TEK49,Electric boiler - Solar,2023,0.0002493794096936836
retail,TEK49,Electricity,2023,0.07068188961882116
retail,TEK49,Electricity - Bio,2023,0.021674094557190902
retail,TEK49,Gas,2023,0.001656504475940886
retail,TEK49,HP - Electricity,2023,0.1632849356867121
retail,TEK49,HP Central heating - Bio,2023,0.00019362655741005704
retail,TEK49,HP Central heating - Electric boiler,2023,0.36404351190494705
retail,TEK49,HP Central heating - Gas,2023,7.196160696758601e-05
retail,TEK69,DH,2023,0.31824535737637644
retail,TEK69,DH - Bio,2023,0.000214225096904963
retail,TEK69,Electric boiler,2023,0.05968451370903524
retail,TEK69,Electric boiler - Solar,2023,0.0002493794096936836
retail,TEK69,Electricity,2023,0.07068188961882116
retail,TEK69,Electricity - Bio,2023,0.021674094557190902
retail,TEK69,Gas,2023,0.001656504475940886
retail,TEK69,HP - Electricity,2023,0.1632849356867121
retail,TEK69,HP Central heating - Bio,2023,0.00019362655741005704
retail,TEK69,HP Central heating - Electric boiler,2023,0.36404351190494705
retail,TEK69,HP Central heating - Gas,2023,7.196160696758601e-05
retail,TEK87,DH,2023,0.31824535737637644
retail,TEK87,DH - Bio,2023,0.000214225096904963
retail,TEK87,Electric boiler,2023,0.05968451370903524
retail,TEK87,Electric boiler - Solar,2023,0.0002493794096936836
retail,TEK87,Electricity,2023,0.07068188961882116
retail,TEK87,Electricity - Bio,2023,0.021674094557190902
retail,TEK87,Gas,2023,0.001656504475940886
retail,TEK87,HP - Electricity,2023,0.1632849356867121
retail,TEK87,HP Central heating - Bio,2023,0.00019362655741005704
retail,TEK87,HP Central heating - Electric boiler,2023,0.36404351190494705
retail,TEK87,HP Central heating - Gas,2023,7.196160696758601e-05
retail,TEK97,DH,2023,0.31824535737637644
retail,TEK97,DH - Bio,2023,0.000214225096904963
retail,TEK97,Electric boiler,2023,0.05968451370903524
retail,TEK97,Electric boiler - Solar,2023,0.0002493794096936836
retail,TEK97,Electricity,2023,0.07068188961882116
retail,TEK97,Electricity - Bio,2023,0.021674094557190902
retail,TEK97,Gas,2023,0.001656504475940886
retail,TEK97,HP - Electricity,2023,0.1632849356867121
retail,TEK97,HP Central heating - Bio,2023,0.00019362655741005704
retail,TEK97,HP Central heating - Electric boiler,2023,0.36404351190494705
retail,TEK97,HP Central heating - Gas,2023,7.196160696758601e-05
school,PRE_TEK49,DH,2023,0.31824535737637644
school,PRE_TEK49,DH - Bio,2023,0.000214225096904963
school,PRE_TEK49,Electric boiler,2023,0.05968451370903524
school,PRE_TEK49,Electric boiler - Solar,2023,0.0002493794096936836
school,PRE_TEK49,Electricity,2023,0.07068188961882116
school,PRE_TEK49,Electricity - Bio,2023,0.021674094557190902
school,PRE_TEK49,Gas,2023,0.001656504475940886
school,PRE_TEK49,HP - Electricity,2023,0.1632849356867121
school,PRE_TEK49,HP Central heating - Bio,2023,0.00019362655741005704
school,PRE_TEK49,HP Central heating - Electric boiler,2023,0.36404351190494705
school,PRE_TEK49,HP Central heating - Gas,2023,7.196160696758601e-05
school,TEK07,DH,2023,0.31824535737637644
school,TEK07,DH - Bio,2023,0.000214225096904963
school,TEK07,Electric boiler,2023,0.05968451370903524
school,TEK07,Electric boiler - Solar,2023,0.0002493794096936836
school,TEK07,Electricity,2023,0.07068188961882116
school,TEK07,Electricity - Bio,2023,0.021674094557190902
school,TEK07,Gas,2023,0.001656504475940886
school,TEK07,HP - Electricity,2023,0.1632849356867121
school,TEK07,HP Central heating - Bio,2023,0.00019362655741005704
school,TEK07,HP Central heating - Electric boiler,2023,0.36404351190494705
school,TEK07,HP Central heating - Gas,2023,7.196160696758601e-05
school,TEK10,DH,2023,0.31824535737637644
school,TEK10,DH - Bio,2023,0.000214225096904963
school,TEK10,Electric boiler,2023,0.05968451370903524
school,TEK10,Electric boiler - Solar,2023,0.0002493794096936836
school,TEK10,Electricity,2023,0.07068188961882116
school,TEK10,Electricity - Bio,2023,0.021674094557190902
school,TEK10,Gas,2023,0.001656504475940886
school,TEK10,HP - Electricity,2023,0.1632849356867121
school,TEK10,HP Central heating - Bio,2023,0.00019362655741005704
school,TEK10,HP Central heating - Electric boiler,2023,0.36404351190494705
school,TEK10,HP Central heating - Gas,2023,7.196160696758601e-05
school,TEK17,DH,2023,0.31824535737637644
school,TEK17,DH - Bio,2023,0.000214225096904963
school,TEK17,Electric boiler,2023,0.05968451370903524
school,TEK17,Electric boiler - Solar,2023,0.0002493794096936836
school,TEK17,Electricity,2023,0.07068188961882116
school,TEK17,Electricity - Bio,2023,0.021674094557190902
school,TEK17,Gas,2023,0.001656504475940886
school,TEK17,HP - Electricity,2023,0.1632849356867121
school,TEK17,HP Central heating - Bio,2023,0.00019362655741005704
school,TEK17,HP Central heating - Electric boiler,2023,0.36404351190494705
school,TEK17,HP Central heating - Gas,2023,7.196160696758601e-05
school,TEK49,DH,2023,0.31824535737637644
school,TEK49,DH - Bio,2023,0.000214225096904963
school,TEK49,Electric boiler,2023,0.05968451370903524
school,TEK49,Electric boiler - Solar,2023,0.0002493794096936836
school,TEK49,Electricity,2023,0.07068188961882116
school,TEK49,Electricity - Bio,2023,0.021674094557190902
school,TEK49,Gas,2023,0.001656504475940886
school,TEK49,HP - Electricity,2023,0.1632849356867121
school,TEK49,HP Central heating - Bio,2023,0.00019362655741005704
school,TEK49,HP Central heating - Electric boiler,2023,0.36404351190494705
school,TEK49,HP Central heating - Gas,2023,7.196160696758601e-05
school,TEK69,DH,2023,0.31824535737637644
school,TEK69,DH - Bio,2023,0.000214225096904963
school,TEK69,Electric boiler,2023,0.05968451370903524
school,TEK69,Electric boiler - Solar,2023,0.0002493794096936836
school,TEK69,Electricity,2023,0.07068188961882116
school,TEK69,Electricity - Bio,2023,0.021674094557190902
school,TEK69,Gas,2023,0.001656504475940886
school,TEK69,HP - Electricity,2023,0.1632849356867121
school,TEK69,HP Central heating - Bio,2023,0.00019362655741005704
school,TEK69,HP Central heating - Electric boiler,2023,0.36404351190494705
school,TEK69,HP Central heating - Gas,2023,7.196160696758601e-05
school,TEK87,DH,2023,0.31824535737637644
school,TEK87,DH - Bio,2023,0.000214225096904963
school,TEK87,Electric boiler,2023,0.05968451370903524
school,TEK87,Electric boiler - Solar,2023,0.0002493794096936836
school,TEK87,Electricity,2023,0.07068188961882116
school,TEK87,Electricity - Bio,2023,0.021674094557190902
school,TEK87,Gas,2023,0.001656504475940886
school,TEK87,HP - Electricity,2023,0.1632849356867121
school,TEK87,HP Central heating - Bio,2023,0.00019362655741005704
school,TEK87,HP Central heating - Electric boiler,2023,0.36404351190494705
school,TEK87,HP Central heating - Gas,2023,7.196160696758601e-05
school,TEK97,DH,2023,0.31824535737637644
school,TEK97,DH - Bio,2023,0.000214225096904963
school,TEK97,Electric boiler,2023,0.05968451370903524
school,TEK97,Electric boiler - Solar,2023,0.0002493794096936836
school,TEK97,Electricity,2023,0.07068188961882116
school,TEK97,Electricity - Bio,2023,0.021674094557190902
school,TEK97,Gas,2023,0.001656504475940886
school,TEK97,HP - Electricity,2023,0.1632849356867121
school,TEK97,HP Central heating - Bio,2023,0.00019362655741005704
school,TEK97,HP Central heating - Electric boiler,2023,0.36404351190494705
school,TEK97,HP Central heating - Gas,2023,7.196160696758601e-05
sports,PRE_TEK49,DH,2023,0.31824535737637644
sports,PRE_TEK49,DH - Bio,2023,0.000214225096904963
sports,PRE_TEK49,Electric boiler,2023,0.05968451370903524
sports,PRE_TEK49,Electric boiler - Solar,2023,0.0002493794096936836
sports,PRE_TEK49,Electricity,2023,0.07068188961882116
sports,PRE_TEK49,Electricity - Bio,2023,0.021674094557190902
sports,PRE_TEK49,Gas,2023,0.001656504475940886
sports,PRE_TEK49,HP - Electricity,2023,0.1632849356867121
sports,PRE_TEK49,HP Central heating - Bio,2023,0.00019362655741005704
sports,PRE_TEK49,HP Central heating - Electric boiler,2023,0.36404351190494705
sports,PRE_TEK49,HP Central heating - Gas,2023,7.196160696758601e-05
sports,TEK07,DH,2023,0.31824535737637644
sports,TEK07,DH - Bio,2023,0.000214225096904963
sports,TEK07,Electric boiler,2023,0.05968451370903524
sports,TEK07,Electric boiler - Solar,2023,0.0002493794096936836
sports,TEK07,Electricity,2023,0.07068188961882116
sports,TEK07,Electricity - Bio,2023,0.021674094557190902
sports,TEK07,Gas,2023,0.001656504475940886
sports,TEK07,HP - Electricity,2023,0.1632849356867121
sports,TEK07,HP Central heating - Bio,2023,0.00019362655741005704
sports,TEK07,HP Central heating - Electric boiler,2023,0.36404351190494705
sports,TEK07,HP Central heating - Gas,2023,7.196160696758601e-05
sports,TEK10,DH,2023,0.31824535737637644
sports,TEK10,DH - Bio,2023,0.000214225096904963
sports,TEK10,Electric boiler,2023,0.05968451370903524
sports,TEK10,Electric boiler - Solar,2023,0.0002493794096936836
sports,TEK10,Electricity,2023,0.07068188961882116
sports,TEK10,Electricity - Bio,2023,0.021674094557190902
sports,TEK10,Gas,2023,0.001656504475940886
sports,TEK10,HP - Electricity,2023,0.1632849356867121
sports,TEK10,HP Central heating - Bio,2023,0.00019362655741005704
sports,TEK10,HP Central heating - Electric boiler,2023,0.36404351190494705
sports,TEK10,HP Central heating - Gas,2023,7.196160696758601e-05
sports,TEK17,DH,2023,0.31824535737637644
sports,TEK17,DH - Bio,2023,0.000214225096904963
sports,TEK17,Electric boiler,2023,0.05968451370903524
sports,TEK17,Electric boiler - Solar,2023,0.0002493794096936836
sports,TEK17,Electricity,2023,0.07068188961882116
sports,TEK17,Electricity - Bio,2023,0.021674094557190902
sports,TEK17,Gas,2023,0.001656504475940886
sports,TEK17,HP - Electricity,2023,0.1632849356867121
sports,TEK17,HP Central heating - Bio,2023,0.00019362655741005704
sports,TEK17,HP Central heating - Electric boiler,2023,0.36404351190494705
sports,TEK17,HP Central heating - Gas,2023,7.196160696758601e-05
sports,TEK49,DH,2023,0.31824535737637644
sports,TEK49,DH - Bio,2023,0.000214225096904963
sports,TEK49,Electric boiler,2023,0.05968451370903524
sports,TEK49,Electric boiler - Solar,2023,0.0002493794096936836
sports,TEK49,Electricity,2023,0.07068188961882116
sports,TEK49,Electricity - Bio,2023,0.021674094557190902
sports,TEK49,Gas,2023,0.001656504475940886
sports,TEK49,HP - Electricity,2023,0.1632849356867121
sports,TEK49,HP Central heating - Bio,2023,0.00019362655741005704
sports,TEK49,HP Central heating - Electric boiler,2023,0.36404351190494705
sports,TEK49,HP Central heating - Gas,2023,7.196160696758601e-05
sports,TEK69,DH,2023,0.31824535737637644
sports,TEK69,DH - Bio,2023,0.000214225096904963
sports,TEK69,Electric boiler,2023,0.05968451370903524
sports,TEK69,Electric boiler - Solar,2023,0.0002493794096936836
sports,TEK69,Electricity,2023,0.07068188961882116
sports,TEK69,Electricity - Bio,2023,0.021674094557190902
sports,TEK69,Gas,2023,0.001656504475940886
sports,TEK69,HP - Electricity,2023,0.1632849356867121
sports,TEK69,HP Central heating - Bio,2023,0.00019362655741005704
sports,TEK69,HP Central heating - Electric boiler,2023,0.36404351190494705
sports,TEK69,HP Central heating - Gas,2023,7.196160696758601e-05
sports,TEK87,DH,2023,0.31824535737637644
sports,TEK87,DH - Bio,2023,0.000214225096904963
sports,TEK87,Electric boiler,2023,0.05968451370903524
sports,TEK87,Electric boiler - Solar,2023,0.0002493794096936836
sports,TEK87,Electricity,2023,0.07068188961882116
sports,TEK87,Electricity - Bio,2023,0.021674094557190902
sports,TEK87,Gas,2023,0.001656504475940886
sports,TEK87,HP - Electricity,2023,0.1632849356867121
sports,TEK87,HP Central heating - Bio,2023,0.00019362655741005704
sports,TEK87,HP Central heating - Electric boiler,2023,0.36404351190494705
sports,TEK87,HP Central heating - Gas,2023,7.196160696758601e-05
sports,TEK97,DH,2023,0.31824535737637644
sports,TEK97,DH - Bio,2023,0.000214225096904963
sports,TEK97,Electric boiler,2023,0.05968451370903524
sports,TEK97,Electric boiler - Solar,2023,0.0002493794096936836
sports,TEK97,Electricity,2023,0.07068188961882116
sports,TEK97,Electricity - Bio,2023,0.021674094557190902
sports,TEK97,Gas,2023,0.001656504475940886
sports,TEK97,HP - Electricity,2023,0.1632849356867121
sports,TEK97,HP Central heating - Bio,2023,0.00019362655741005704
sports,TEK97,HP Central heating - Electric boiler,2023,0.36404351190494705
sports,TEK97,HP Central heating - Gas,2023,7.196160696758601e-05
university,PRE_TEK49,DH,2023,0.31824535737637644
university,PRE_TEK49,DH - Bio,2023,0.000214225096904963
university,PRE_TEK49,Electric boiler,2023,0.05968451370903524
university,PRE_TEK49,Electric boiler - Solar,2023,0.0002493794096936836
university,PRE_TEK49,Electricity,2023,0.07068188961882116
university,PRE_TEK49,Electricity - Bio,2023,0.021674094557190902
university,PRE_TEK49,Gas,2023,0.001656504475940886
university,PRE_TEK49,HP - Electricity,2023,0.1632849356867121
university,PRE_TEK49,HP Central heating - Bio,2023,0.00019362655741005704
university,PRE_TEK49,HP Central heating - Electric boiler,2023,0.36404351190494705
university,PRE_TEK49,HP Central heating - Gas,2023,7.196160696758601e-05
university,TEK07,DH,2023,0.31824535737637644
university,TEK07,DH - Bio,2023,0.000214225096904963
university,TEK07,Electric boiler,2023,0.05968451370903524
university,TEK07,Electric boiler - Solar,2023,0.0002493794096936836
university,TEK07,Electricity,2023,0.07068188961882116
university,TEK07,Electricity - Bio,2023,0.021674094557190902
university,TEK07,Gas,2023,0.001656504475940886
university,TEK07,HP - Electricity,2023,0.1632849356867121
university,TEK07,HP Central heating - Bio,2023,0.00019362655741005704
university,TEK07,HP Central heating - Electric boiler,2023,0.36404351190494705
university,TEK07,HP Central heating - Gas,2023,7.196160696758601e-05
university,TEK10,DH,2023,0.31824535737637644
university,TEK10,DH - Bio,2023,0.000214225096904963
university,TEK10,Electric boiler,2023,0.05968451370903524
university,TEK10,Electric boiler - Solar,2023,0.0002493794096936836
university,TEK10,Electricity,2023,0.07068188961882116
university,TEK10,Electricity - Bio,2023,0.021674094557190902
university,TEK10,Gas,2023,0.001656504475940886
university,TEK10,HP - Electricity,2023,0.1632849356867121
university,TEK10,HP Central heating - Bio,2023,0.00019362655741005704
university,TEK10,HP Central heating - Electric boiler,2023,0.36404351190494705
university,TEK10,HP Central heating - Gas,2023,7.196160696758601e-05
university,TEK17,DH,2023,0.31824535737637644
university,TEK17,DH - Bio,2023,0.000214225096904963
university,TEK17,Electric boiler,2023,0.05968451370903524
university,TEK17,Electric boiler - Solar,2023,0.0002493794096936836
university,TEK17,Electricity,2023,0.07068188961882116
university,TEK17,Electricity - Bio,2023,0.021674094557190902
university,TEK17,Gas,2023,0.001656504475940886
university,TEK17,HP - Electricity,2023,0.1632849356867121
university,TEK17,HP Central heating - Bio,2023,0.00019362655741005704
university,TEK17,HP Central heating - Electric boiler,2023,0.36404351190494705
university,TEK17,HP Central heating - Gas,2023,7.196160696758601e-05
university,TEK49,DH,2023,0.31824535737637644
university,TEK49,DH - Bio,2023,0.000214225096904963
university,TEK49,Electric boiler,2023,0.05968451370903524
university,TEK49,Electric boiler - Solar,2023,0.0002493794096936836
university,TEK49,Electricity,2023,0.07068188961882116
university,TEK49,Electricity - Bio,2023,0.021674094557190902
university,TEK49,Gas,2023,0.001656504475940886
university,TEK49,HP - Electricity,2023,0.1632849356867121
university,TEK49,HP Central heating - Bio,2023,0.00019362655741005704
university,TEK49,HP Central heating - Electric boiler,2023,0.36404351190494705
university,TEK49,HP Central heating - Gas,2023,7.196160696758601e-05
university,TEK69,DH,2023,0.31824535737637644
university,TEK69,DH - Bio,2023,0.000214225096904963
university,TEK69,Electric boiler,2023,0.05968451370903524
university,TEK69,Electric boiler - Solar,2023,0.0002493794096936836
university,TEK69,Electricity,2023,0.07068188961882116
university,TEK69,Electricity - Bio,2023,0.021674094557190902
university,TEK69,Gas,2023,0.001656504475940886
university,TEK69,HP - Electricity,2023,0.1632849356867121
university,TEK69,HP Central heating - Bio,2023,0.00019362655741005704
university,TEK69,HP Central heating - Electric boiler,2023,0.36404351190494705
university,TEK69,HP Central heating - Gas,2023,7.196160696758601e-05
university,TEK87,DH,2023,0.31824535737637644
university,TEK87,DH - Bio,2023,0.000214225096904963
university,TEK87,Electric boiler,2023,0.05968451370903524
university,TEK87,Electric boiler - Solar,2023,0.0002493794096936836
university,TEK87,Electricity,2023,0.07068188961882116
university,TEK87,Electricity - Bio,2023,0.021674094557190902
university,TEK87,Gas,2023,0.001656504475940886
university,TEK87,HP - Electricity,2023,0.1632849356867121
university,TEK87,HP Central heating - Bio,2023,0.00019362655741005704
university,TEK87,HP Central heating - Electric boiler,2023,0.36404351190494705
university,TEK87,HP Central heating - Gas,2023,7.196160696758601e-05
university,TEK97,DH,2023,0.31824535737637644
university,TEK97,DH - Bio,2023,0.000214225096904963
university,TEK97,Electric boiler,2023,0.05968451370903524
university,TEK97,Electric boiler - Solar,2023,0.0002493794096936836
university,TEK97,Electricity,2023,0.07068188961882116
university,TEK97,Electricity - Bio,2023,0.021674094557190902
university,TEK97,Gas,2023,0.001656504475940886
university,TEK97,HP - Electricity,2023,0.1632849356867121
university,TEK97,HP Central heating - Bio,2023,0.00019362655741005704
university,TEK97,HP Central heating - Electric boiler,2023,0.36404351190494705
university,TEK97,HP Central heating - Gas,2023,7.196160696758601e-05
storage_repairs,PRE_TEK49,DH,2023,0.31824535737637644
storage_repairs,PRE_TEK49,DH - Bio,2023,0.000214225096904963
storage_repairs,PRE_TEK49,Electric boiler,2023,0.05968451370903524
storage_repairs,PRE_TEK49,Electric boiler - Solar,2023,0.0002493794096936836
storage_repairs,PRE_TEK49,Electricity,2023,0.07068188961882116
storage_repairs,PRE_TEK49,Electricity - Bio,2023,0.021674094557190902
storage_repairs,PRE_TEK49,Gas,2023,0.001656504475940886
storage_repairs,PRE_TEK49,HP - Electricity,2023,0.1632849356867121
storage_repairs,PRE_TEK49,HP Central heating - Bio,2023,0.00019362655741005704
storage_repairs,PRE_TEK49,HP Central heating - Electric boiler,2023,0.36404351190494705
storage_repairs,PRE_TEK49,HP Central heating - Gas,2023,7.196160696758601e-05
storage_repairs,TEK07,DH,2023,0.31824535737637644
storage_repairs,TEK07,DH - Bio,2023,0.000214225096904963
storage_repairs,TEK07,Electric boiler,2023,0.05968451370903524
storage_repairs,TEK07,Electric boiler - Solar,2023,0.0002493794096936836
storage_repairs,TEK07,Electricity,2023,0.07068188961882116
storage_repairs,TEK07,Electricity - Bio,2023,0.021674094557190902
storage_repairs,TEK07,Gas,2023,0.001656504475940886
storage_repairs,TEK07,HP - Electricity,2023,0.1632849356867121
storage_repairs,TEK07,HP Central heating - Bio,2023,0.00019362655741005704
storage_repairs,TEK07,HP Central heating - Electric boiler,2023,0.36404351190494705
storage_repairs,TEK07,HP Central heating - Gas,2023,7.196160696758601e-05
storage_repairs,TEK10,DH,2023,0.31824535737637644
storage_repairs,TEK10,DH - Bio,2023,0.000214225096904963
storage_repairs,TEK10,Electric boiler,2023,0.05968451370903524
storage_repairs,TEK10,Electric boiler - Solar,2023,0.0002493794096936836
storage_repairs,TEK10,Electricity,2023,0.07068188961882116
storage_repairs,TEK10,Electricity - Bio,2023,0.021674094557190902
storage_repairs,TEK10,Gas,2023,0.001656504475940886
storage_repairs,TEK10,HP - Electricity,2023,0.1632849356867121
storage_repairs,TEK10,HP Central heating - Bio,2023,0.00019362655741005704
storage_repairs,TEK10,HP Central heating - Electric boiler,2023,0.36404351190494705
storage_repairs,TEK10,HP Central heating - Gas,2023,7.196160696758601e-05
storage_repairs,TEK17,DH,2023,0.31824535737637644
storage_repairs,TEK17,DH - Bio,2023,0.000214225096904963
storage_repairs,TEK17,Electric boiler,2023,0.05968451370903524
storage_repairs,TEK17,Electric boiler - Solar,2023,0.0002493794096936836
storage_repairs,TEK17,Electricity,2023,0.07068188961882116
storage_repairs,TEK17,Electricity - Bio,2023,0.021674094557190902
storage_repairs,TEK17,Gas,2023,0.001656504475940886
storage_repairs,TEK17,HP - Electricity,2023,0.1632849356867121
storage_repairs,TEK17,HP Central heating - Bio,2023,0.00019362655741005704
storage_repairs,TEK17,HP Central heating - Electric boiler,2023,0.36404351190494705
storage_repairs,TEK17,HP Central heating - Gas,2023,7.196160696758601e-05
storage_repairs,TEK49,DH,2023,0.31824535737637644
storage_repairs,TEK49,DH - Bio,2023,0.000214225096904963
storage_repairs,TEK49,Electric boiler,2023,0.05968451370903524
storage_repairs,TEK49,Electric boiler - Solar,2023,0.0002493794096936836
storage_repairs,TEK49,Electricity,2023,0.07068188961882116
storage_repairs,TEK49,Electricity - Bio,2023,0.021674094557190902
storage_repairs,TEK49,Gas,2023,0.001656504475940886
storage_repairs,TEK49,HP - Electricity,2023,0.1632849356867121
storage_repairs,TEK49,HP Central heating - Bio,2023,0.00019362655741005704
storage_repairs,TEK49,HP Central heating - Electric boiler,2023,0.36404351190494705
storage_repairs,TEK49,HP Central heating - Gas,2023,7.196160696758601e-05
storage_repairs,TEK69,DH,2023,0.31824535737637644
storage_repairs,TEK69,DH - Bio,2023,0.000214225096904963
storage_repairs,TEK69,Electric boiler,2023,0.05968451370903524
storage_repairs,TEK69,Electric boiler - Solar,2023,0.0002493794096936836
storage_repairs,TEK69,Electricity,2023,0.07068188961882116
storage_repairs,TEK69,Electricity - Bio,2023,0.021674094557190902
storage_repairs,TEK69,Gas,2023,0.001656504475940886
storage_repairs,TEK69,HP - Electricity,2023,0.1632849356867121
storage_repairs,TEK69,HP Central heating - Bio,2023,0.00019362655741005704
storage_repairs,TEK69,HP Central heating - Electric boiler,2023,0.36404351190494705
storage_repairs,TEK69,HP Central heating - Gas,2023,7.196160696758601e-05
storage_repairs,TEK87,DH,2023,0.31824535737637644
storage_repairs,TEK87,DH - Bio,2023,0.000214225096904963
storage_repairs,TEK87,Electric boiler,2023,0.05968451370903524
storage_repairs,TEK87,Electric boiler - Solar,2023,0.0002493794096936836
storage_repairs,TEK87,Electricity,2023,0.07068188961882116
storage_repairs,TEK87,Electricity - Bio,2023,0.021674094557190902
storage_repairs,TEK87,Gas,2023,0.001656504475940886
storage_repairs,TEK87,HP - Electricity,2023,0.1632849356867121
storage_repairs,TEK87,HP Central heating - Bio,2023,0.00019362655741005704
storage_repairs,TEK87,HP Central heating - Electric boiler,2023,0.36404351190494705
storage_repairs,TEK87,HP Central heating - Gas,2023,7.196160696758601e-05
storage_repairs,TEK97,DH,2023,0.31824535737637644
storage_repairs,TEK97,DH - Bio,2023,0.000214225096904963
storage_repairs,TEK97,Electric boiler,2023,0.05968451370903524
storage_repairs,TEK97,Electric boiler - Solar,2023,0.0002493794096936836
storage_repairs,TEK97,Electricity,2023,0.07068188961882116
storage_repairs,TEK97,Electricity - Bio,2023,0.021674094557190902
storage_repairs,TEK97,Gas,2023,0.001656504475940886
storage_repairs,TEK97,HP - Electricity,2023,0.1632849356867121
storage_repairs,TEK97,HP Central heating - Bio,2023,0.00019362655741005704
storage_repairs,TEK97,HP Central heating - Electric boiler,2023,0.36404351190494705
storage_repairs,TEK97,HP Central heating - Gas,2023,7.196160696758601e-05